<?xml version="1.0"?>
<TrackingData>
  <Sensors>
    <Sensor Type="SLAMSensorSource" Version="2">
      <SensorID>InstantTracker</SensorID>
      <Parameters>
	    </Parameters>
      <SensorCOS>
        <SensorCosID>Map3D</SensorCosID>
        <Parameters>
          <Initialization Type="map">
            <Map>map0.slam</Map>
            <DrawFeatures>false</DrawFeatures>
          </Initialization>
          <Tracking>
            <AlignZAxisWithGravity>false</AlignZAxisWithGravity>
          </Tracking>
          <Learning Enabled="false"/>
        </Parameters>
      </SensorCOS>
    </Sensor>
  </Sensors>
  <Connections>
    <COS>
      <Name>InstantTracker</Name>
      <Fuser Type="SmoothingFuser">
        <Parameters>
          <AlphaRotation>0.5</AlphaRotation>
          <AlphaTranslation>0.8</AlphaTranslation>
          <GammaRotation>0.5</GammaRotation>
          <GammaTranslation>0.8</GammaTranslation>
          <KeepPoseForNumberOfFrames>1</KeepPoseForNumberOfFrames>
        </Parameters>
      </Fuser>
      <SensorSource>
        <SensorID>InstantTracker</SensorID>
        <SensorCosID>Map3D</SensorCosID>
      </SensorSource>
    </COS>
  </Connections>
</TrackingData>
