<?xml version="1.0" encoding="UTF-8"?>
<TrackingData>
  <Sensors>
    <Sensor Type="SLAMSensorSource" Version="2">
      <SensorID>InstantTracker</SensorID>
      <Parameters>
          <MaxObjectsToDetectPerFrame>5</MaxObjectsToDetectPerFrame>
          <MaxObjectsToTrackInParallel>1</MaxObjectsToTrackInParallel>
      </Parameters>
      
      <!--  Biacore -->
      <SensorCOS>
        <SensorCosID>Map3D1</SensorCosID>
        <Parameters>
          <Initialization Type="map">
            <Map>map1.slam</Map>
            <DrawFeatures>false</DrawFeatures>
          </Initialization>
          <Tracking>
            <AlignZAxisWithGravity>false</AlignZAxisWithGravity>
          </Tracking>
          <Learning Enabled="false"/>
        </Parameters>
      </SensorCOS>
      
      <!--  Card_case_open -->
      <SensorCOS>
          <SensorCosID>Map3D2</SensorCosID>
          <Parameters>
              <Initialization Type="map">
                  <Map>map2.slam</Map>
                  <DrawFeatures>false</DrawFeatures>
              </Initialization>
              <Tracking>
                  <AlignZAxisWithGravity>false</AlignZAxisWithGravity>
              </Tracking>
              <Learning Enabled="false"/>
          </Parameters>
      </SensorCOS>
      
      <!--  Liquid -->
      <SensorCOS>
          <SensorCosID>Map3D3</SensorCosID>
          <Parameters>
              <Initialization Type="map">
                  <Map>map3.slam</Map>
                  <DrawFeatures>false</DrawFeatures>
              </Initialization>
              <Tracking>
                  <AlignZAxisWithGravity>false</AlignZAxisWithGravity>
              </Tracking>
              <Learning Enabled="false"/>
          </Parameters>
      </SensorCOS>
      
      <!--  Right_half -->
      <SensorCOS>
          <SensorCosID>Map3D4</SensorCosID>
          <Parameters>
              <Initialization Type="map">
                  <Map>map4.slam</Map>
                  <DrawFeatures>false</DrawFeatures>
              </Initialization>
              <Tracking>
                  <AlignZAxisWithGravity>false</AlignZAxisWithGravity>
              </Tracking>
              <Learning Enabled="false"/>
          </Parameters>
      </SensorCOS>
      
      <!--  Robotic_arm -->
      <SensorCOS>
          <SensorCosID>Map3D5</SensorCosID>
          <Parameters>
              <Initialization Type="map">
                  <Map>map5.slam</Map>
                  <DrawFeatures>false</DrawFeatures>
              </Initialization>
              <Tracking>
                  <AlignZAxisWithGravity>false</AlignZAxisWithGravity>
              </Tracking>
              <Learning Enabled="false"/>
          </Parameters>
      </SensorCOS>
      
      
    </Sensor>
  </Sensors>
  <Connections>
      
    <COS>
      <Name>InstantTracker1</Name>
      <Fuser Type="SmoothingFuser">
        <Parameters>
          <AlphaRotation>0.5</AlphaRotation>
          <AlphaTranslation>0.8</AlphaTranslation>
          <GammaRotation>0.5</GammaRotation>
          <GammaTranslation>0.8</GammaTranslation>
          <KeepPoseForNumberOfFrames>1</KeepPoseForNumberOfFrames>
        </Parameters>
      </Fuser>
      <SensorSource>
        <SensorID>InstantTracker</SensorID>
        <SensorCosID>Map3D1</SensorCosID>
      </SensorSource>
    </COS>
    
    
    <COS>
        <Name>InstantTracker2</Name>
        <Fuser Type="SmoothingFuser">
            <Parameters>
                <AlphaRotation>0.5</AlphaRotation>
                <AlphaTranslation>0.8</AlphaTranslation>
                <GammaRotation>0.5</GammaRotation>
                <GammaTranslation>0.8</GammaTranslation>
                <KeepPoseForNumberOfFrames>1</KeepPoseForNumberOfFrames>
            </Parameters>
        </Fuser>
        <SensorSource>
            <SensorID>InstantTracker</SensorID>
            <SensorCosID>Map3D2</SensorCosID>
        </SensorSource>
    </COS>
    
    
    <COS>
        <Name>InstantTracker3</Name>
        <Fuser Type="SmoothingFuser">
            <Parameters>
                <AlphaRotation>0.5</AlphaRotation>
                <AlphaTranslation>0.8</AlphaTranslation>
                <GammaRotation>0.5</GammaRotation>
                <GammaTranslation>0.8</GammaTranslation>
                <KeepPoseForNumberOfFrames>1</KeepPoseForNumberOfFrames>
            </Parameters>
        </Fuser>
        <SensorSource>
            <SensorID>InstantTracker</SensorID>
            <SensorCosID>Map3D3</SensorCosID>
        </SensorSource>
    </COS>
    
    <COS>
        <Name>InstantTracker4</Name>
        <Fuser Type="SmoothingFuser">
            <Parameters>
                <AlphaRotation>0.5</AlphaRotation>
                <AlphaTranslation>0.8</AlphaTranslation>
                <GammaRotation>0.5</GammaRotation>
                <GammaTranslation>0.8</GammaTranslation>
                <KeepPoseForNumberOfFrames>1</KeepPoseForNumberOfFrames>
            </Parameters>
        </Fuser>
        <SensorSource>
            <SensorID>InstantTracker</SensorID>
            <SensorCosID>Map3D4</SensorCosID>
        </SensorSource>
    </COS>
    
    <COS>
        <Name>InstantTracker5</Name>
        <Fuser Type="SmoothingFuser">
            <Parameters>
                <AlphaRotation>0.5</AlphaRotation>
                <AlphaTranslation>0.8</AlphaTranslation>
                <GammaRotation>0.5</GammaRotation>
                <GammaTranslation>0.8</GammaTranslation>
                <KeepPoseForNumberOfFrames>1</KeepPoseForNumberOfFrames>
            </Parameters>
        </Fuser>
        <SensorSource>
            <SensorID>InstantTracker</SensorID>
            <SensorCosID>Map3D5</SensorCosID>
        </SensorSource>
    </COS>
    
  </Connections>
</TrackingData>
